Group,Demographic Parity Difference,Disparate Impact,Equalized Odds Difference,False Discovery Rate Difference,Chi-squared p-value,Positive Rate (Middle-aged),Positive Rate (Young),TPR (Middle-aged),TPR (Young),FPR (Middle-aged),FPR (Young),FDR (Middle-aged),FDR (Young),Positive Rate (0.0),Positive Rate (1.0),TPR (0.0),TPR (1.0),FPR (0.0),FPR (1.0),FDR (0.0),FDR (1.0),Positive Rate (Group 0),Positive Rate (Group 1),TPR (Group 0),TPR (Group 1),FPR (Group 0),FPR (Group 1),FDR (Group 0),FDR (Group 1)
Age_normalized_binned,0.07468659,0.8420724,0.023868906122130856,0.02413117963778766,0.006378814746518358,0.39823007583618164,0.4729166626930237,0.967391304347826,0.9747774480712166,0.007462686567164179,0.031331592689295036,0.011111111111111072,0.03524229074889873,,,,,,,,,,,,,,,,
Gender_encoded,0.016217053,0.9651432,0.010172219539674877,0.010318949343339656,0.524027678625473,,,,,,,,,0.4652482271194458,0.44903117418289185,0.9723076923076923,0.9737335834896811,0.031578947368421054,0.021406727828746176,0.03658536585365857,0.026266416510318913,,,,,,,,
Country_encoded_binned,0.55988204,0.21679421,0.10156175853378191,0.12885467071270407,2.0276664170138803e-132,,,,,,,,,,,,,,,,,0.7148594260215759,0.15497738122940063,0.9887798036465638,0.8872180451127819,0.024734982332155476,0.02529960053262317,0.0098314606741573,0.13868613138686137
Institution_encoded_binned,0.06165752,0.8781888,0.021130778387439868,0.015423242467718867,0.04911069543228883,,,,,,,,,,,,,,,,,0.44451531767845154,0.5061728358268738,0.9727403156384505,0.9751552795031055,0.021814006888633754,0.04294478527607362,0.027259684361549463,0.04268292682926833
